<?xml version="1.0"?>
<doc>
    <assembly>
        <name>WebApiApp</name>
    </assembly>
    <members>
        <member name="M:WebApiApp.Controllers.PostController.Get">
            <summary>
            Get all Post
            </summary>
            <returns></returns>
        </member>
        <member name="M:WebApiApp.Controllers.PostController.Get(System.Int32)">
            <summary>
            Get post for sending id
            </summary>
            <param name="id">Required</param>
            <returns></returns>
        </member>
        <member name="M:WebApiApp.Controllers.PostController.Post(WebApiApp.Models.Post)">
            <summary>
            For creating post
            </summary>
            <param name="post">Post object</param>
            <returns></returns>
        </member>
        <member name="M:WebApiApp.Controllers.PostController.Put(System.Int32,WebApiApp.Models.Post)">
            <summary>
            For updating Post
            </summary>
            <param name="id">updating post id</param>
            <param name="post">updating post data</param>
            <returns></returns>
        </member>
        <member name="M:WebApiApp.Controllers.PostController.Delete(System.Int32)">
            <summary>
            For delete post
            </summary>
            <param name="id">deleted post id</param>
            <returns></returns>
        </member>
    </members>
</doc>
